Date,Open,High,Low,Close,Volume,Company
2025-03-31,436.9576445051807,453.72363623562984,431.5197668375813,451.7962951660156,763400,DPZ
2025-03-31,298.1037140451008,306.11831763241616,297.5563784645336,305.30706787109375,4418800,MCD
2025-03-31,37.62686237833967,39.59465596486056,37.521785508794984,39.24121856689453,1308500,PZZA
2025-04-01,451.60946064910326,458.23717325155627,448.4037575165443,457.71600341796875,503600,DPZ
2025-04-01,306.00099227160104,307.66256581362404,303.9191783670756,306.53857421875,2411200,MCD
2025-04-01,39.3749497543682,39.79525357061252,38.381500395302716,39.70928192138672,862100,PZZA
2025-04-02,454.4808340351669,462.4950624356899,451.01948224997517,460.5480651855469,587700,DPZ
2025-04-02,305.63936667160874,306.8317826820446,302.82448101893715,304.534912109375,2776800,MCD
2025-04-02,39.17435108843901,40.320638655320025,38.46747624555999,39.99585723876953,768600,PZZA
2025-04-03,448.256276970009,468.03126225665136,446.4370889975833,456.0541687011719,740400,DPZ
2025-04-03,304.33947293405015,312.4908957933978,304.26126508972203,311.07366943359375,7023900,MCD
2025-04-03,39.1647923240958,40.12003116126887,38.28597434299113,39.17434310913086,1525400,PZZA
2025-04-04,446.10277114792234,447.89246013149915,424.8625857628179,436.8101806640625,1057700,DPZ
2025-04-04,307.4573181308264,307.83848439650933,292.53256642668646,293.3242492675781,8831100,MCD
2025-04-04,38.25731692176037,38.601203506145175,34.38860013532567,34.70383071899414,1939800,PZZA
2025-04-07,427.06525016843267,446.43709193216665,412.12828867860026,429.2974548339844,1147800,DPZ
2025-04-07,285.98407751843536,297.9864153501793,283.93155429297605,293.1092529296875,7725900,MCD
2025-04-07,33.81546227841505,35.343843230817285,32.50678221622628,33.57665252685547,1830900,PZZA
2025-04-08,440.83202332648,446.3977403337159,421.20453356891875,423.5448913574219,770200,DPZ
2025-04-08,296.91129751347086,301.28022854138226,288.2516432990603,293.05059814453125,5562500,MCD
2025-04-08,34.59875435585749,34.62741035698635,30.137786768118676,30.701377868652344,1928000,PZZA
2025-04-09,421.1061780778509,453.7531297205252,418.8740035504255,448.7479248046875,1025800,DPZ
2025-04-09,290.68533177229426,304.60334473333876,290.00114738663143,297.08721923828125,8265700,MCD
2025-04-09,30.090026403202454,32.554544600559474,29.392702419068588,32.344390869140625,2228500,PZZA
2025-04-10,436.71182287912484,448.6987593648545,432.63096124743635,445.5028991699219,787600,DPZ
2025-04-10,294.526445416259,300.6742315743781,290.20640203951046,299.84344482421875,6049500,MCD
2025-04-10,31.694829196175757,32.32528676823207,29.650618391143087,30.99750518798828,1101900,PZZA
2025-04-11,444.64740514138725,458.1290403161306,437.91150906357296,454.47100830078125,625100,DPZ
2025-04-11,299.54044576696515,303.8605188154397,297.087189523026,302.89288330078125,4439900,MCD
2025-04-11,31.140788361883637,31.188553224617433,29.335387326547608,30.443466186523438,1232900,PZZA
2025-04-14,457.6373485557086,468.650756155581,456.762160152291,467.9427490234375,588000,DPZ
2025-04-14,305.365720163304,311.00527529828406,304.0951260529128,308.9234313964844,4068300,MCD
2025-04-14,30.787348552351315,30.873320196994282,28.953289836590585,29.621957778930664,1487500,PZZA
2025-04-15,465.49426093029166,465.98593174034784,457.1751992267179,460.7545471191406,409400,DPZ
2025-04-15,308.9820767096272,310.0278903939505,304.78906836230703,305.41461181640625,2901200,MCD
2025-04-15,29.364043017103313,29.707929597690697,28.848214968195816,29.087024688720703,963600,PZZA
2025-04-16,460.0563710311588,461.95421310651017,449.7804393640031,454.5496520996094,368700,DPZ
2025-04-16,306.4799540870545,307.18367553971103,300.4201288098704,302.11102294921875,3098900,MCD
2025-04-16,28.9915003551775,30.004053057223576,28.97239514031519,29.650615692138672,1007400,PZZA
2025-04-17,455.69032946194415,462.85889804994133,452.5829664389018,458.96484375,403800,DPZ
2025-04-17,302.22830447451145,305.9130512017335,300.1855645253974,304.2612609863281,2728500,MCD
2025-04-17,29.45956737838966,30.070919682157218,29.058366973548807,29.765243530273438,805800,PZZA
2025-04-21,458.9943479511689,466.1924156672987,455.21831980726574,460.4693603515625,569800,DPZ
2025-04-21,303.9680396775963,304.24170745912363,298.2209864379718,301.7395935058594,2669900,MCD
2025-04-21,29.68882453770043,30.03271112008232,28.81000468870395,29.49777603149414,1237200,PZZA
2025-04-22,466.98890731779426,480.3328596742407,461.9837023090925,478.04168701171875,646000,DPZ
2025-04-22,304.7108598106017,312.76453709600764,304.1537408202872,311.8653259277344,4200700,MCD
2025-04-22,29.75569303803867,30.338389382723047,29.144340690811596,30.17599868774414,1031600,PZZA
2025-04-23,478.22849644678587,483.75490132313206,473.6363080824676,477.7860107421875,581400,DPZ
2025-04-23,311.2984371911219,312.6667760044741,307.67233187885114,311.2789001464844,3210100,MCD
2025-04-23,30.71093543791949,31.532437920490047,30.71093543791949,31.274526596069336,905100,PZZA
2025-04-24,474.60001935007097,479.93955720598973,468.277109853616,479.8412170410156,507000,DPZ
2025-04-24,311.230059788588,311.679680331084,306.4408583049222,309.0700378417969,2479500,MCD
2025-04-24,31.18855563840815,31.771248383014466,30.624964467636794,31.704381942749023,754100,PZZA
2025-04-25,478.8480051438783,479.87068878484916,472.11210935069295,479.4576721191406,1020600,DPZ
2025-04-25,309.34368320606274,314.5042970124173,307.90691988243015,309.5782470703125,2282900,MCD
2025-04-25,31.532437945161487,32.067373099671485,30.92108556512013,31.981401443481445,764500,PZZA
2025-04-28,469.0735980731068,489.2714428899258,463.15389245900366,482.46673583984375,1432200,DPZ
2025-04-28,310.5165581784304,310.82930005088025,307.1445535355637,309.64666748046875,2578300,MCD
2025-04-28,31.981398695496576,33.07037048436937,31.618406884556542,32.20110321044922,926200,PZZA
2025-04-29,480.85400929226654,490.058071630131,477.85482962244754,485.210205078125,650100,DPZ
2025-04-29,308.91361017504465,309.56847402502876,305.9228017834298,307.3888854980469,3164500,MCD
2025-04-29,32.05781714204473,32.4781209245414,31.52288207381959,32.210655212402344,891200,PZZA
2025-04-30,481.68987557788677,485.7018959920271,474.2656286955675,482.2012023925781,611600,DPZ
2025-04-30,309.62713601219286,313.74193623224716,306.02056744313205,312.4224548339844,5564600,MCD
2025-04-30,31.838114128997418,33.137235965671564,30.816005158609318,32.984397888183594,876800,PZZA
2025-05-01,480.25421017348043,482.6437230181989,472.9184603569454,473.3708190917969,499200,DPZ
2025-05-01,306.06939888920186,312.03147852424297,304.5544576746848,306.54833984375,5186900,MCD
2025-05-01,32.82200662436563,33.39514846203716,32.296625999175575,33.05126190185547,630400,PZZA
2025-05-02,478.1203354119716,481.2965394601193,467.08724188744117,476.5371398925781,594900,DPZ
2025-05-02,306.4603562051294,308.8256510734372,303.655254115631,304.90631103515625,3994600,MCD
2025-05-02,33.43336234527041,34.29307883458486,33.24231383165083,34.09247589111328,914400,PZZA
2025-05-05,473.9706176980368,476.2322912144919,469.73241810234447,469.8799133300781,486000,DPZ
2025-05-05,305.92282944306385,310.2233360959224,303.6748461417555,308.5813293457031,3534100,MCD
2025-05-05,33.844112396240234,34.70382880990856,33.6912743275822,33.844112396240234,1016300,PZZA
2025-05-06,466.69391671731745,472.34813076412314,462.17053947803225,471.50244140625,458800,DPZ
2025-05-06,307.98513004423745,310.06697403942525,305.7957875425642,309.6271667480469,2691700,MCD
2025-05-06,33.71993216998573,34.03516275354485,32.296628261044454,32.30617904663086,970100,PZZA
2025-05-07,472.0039590649078,474.0984814347309,467.36258560040136,468.7392578125,493500,DPZ
2025-05-07,309.32414241100645,312.0217162998394,308.972266791345,310.93682861328125,2725900,MCD
2025-05-07,32.478123856235165,32.6787231584469,31.780799869536743,31.80945587158203,1129400,PZZA
2025-05-08,469.9881339444517,473.2921473457057,467.1069202235816,468.876953125,435300,DPZ
2025-05-08,310.88791532131125,312.43220682021064,306.0987146426352,306.4017028808594,2131500,MCD
2025-05-08,33.62441257854418,37.483578904029336,33.041716221979904,36.872222900390625,2808400,PZZA
2025-05-09,470.0274272989823,473.52812088638564,465.936722767917,470.9222717285156,435100,DPZ
2025-05-09,305.8250704889636,307.14455185624286,304.1342062859588,306.5874328613281,1917800,MCD
2025-05-09,36.862671567156745,38.06627105195054,36.117586345329514,36.5569953918457,1745700,PZZA
2025-05-12,476.5273066605405,479.87066182716814,469.3980806395426,474.0787658691406,772700,DPZ
2025-05-12,304.9552405091216,305.12137998422395,298.1135155107237,304.8672790527344,4137900,MCD
2025-05-12,37.83701594989628,39.56599614273898,37.33074046500168,39.21255874633789,1543100,PZZA
2025-05-13,475.9373273266708,481.5227003294526,473.1544838440789,476.3306579589844,681100,DPZ
2025-05-13,304.6033297128197,305.11159117226657,301.47570225664447,301.71026611328125,3018600,MCD
2025-05-13,39.632860696336955,40.549889099429606,39.34628613191691,39.59465026855469,1048300,PZZA
2025-05-14,475.317797475091,478.2973211540038,473.1937761382618,475.1801452636719,454100,DPZ
2025-05-14,301.2704386417943,301.92530253247884,298.7781081030645,300.54718017578125,2656600,MCD
2025-05-14,39.09792574606104,39.24121302866259,38.1235816986326,38.46746826171875,778300,PZZA
2025-05-15,476.1340155040556,480.58855175898833,475.77015390372776,477.8155212402344,352800,DPZ
2025-05-15,300.84037198025464,308.0046512375152,300.84037198025464,307.3693542480469,2928500,MCD
2025-05-15,38.467474145627186,38.97374963875015,38.09493152661613,38.257320404052734,909200,PZZA
2025-05-16,482.3290306043757,487.5899139023088,476.91080905723084,486.80322265625,349300,DPZ
2025-05-16,307.26182434562145,311.454832178572,306.284435189156,311.40594482421875,2636900,MCD
2025-05-16,38.32418616690774,38.59165555437376,37.62686216134331,38.534339904785156,1427600,PZZA
2025-05-19,484.03020069967033,490.7660660139477,483.91217451112425,489.2320556640625,305200,DPZ
2025-05-19,310.9172565546543,314.3381186716942,310.83907854467276,313.96673583984375,2748600,MCD
2025-05-19,38.041547321824424,39.88709854232904,37.93525843339041,39.877437591552734,751800,PZZA
2025-05-20,488.7207568299845,490.7660940770547,483.97123028455934,484.8562316894531,358000,DPZ
2025-05-20,313.9569364456392,314.4456310089487,311.6405289879602,312.56903076171875,2035000,MCD
2025-05-20,39.38464121720938,39.7518199793824,39.056113627050074,39.413631439208984,658200,PZZA
2025-05-21,479.880526580853,482.0045479616591,470.80427313557334,472.48577880859375,471500,DPZ
2025-05-21,310.34057074712115,311.4645920540692,308.04373026521296,309.2850036621094,2386700,MCD
2025-05-21,38.998138835129794,39.877432686781084,38.67927220904711,39.61654281616211,770600,PZZA
2025-05-22,472.3874744125074,476.97966277032066,469.0637750819495,474.226318359375,416500,DPZ
2025-05-22,308.97225803743066,309.4609526198833,305.56117939672754,307.20318603515625,2642000,MCD
2025-05-22,39.374980670884455,41.3461462320495,39.13341637229007,41.09491729736328,763300,PZZA
2025-05-23,468.5819191491156,473.9018007008677,468.5819191491156,472.4267883300781,352300,DPZ
2025-05-23,307.94603103948754,308.51290366726386,305.9521486638513,307.45733642578125,2701500,MCD
2025-05-23,39.867771254073666,40.89200523367893,39.49093152823156,40.82436752319336,515800,PZZA
2025-05-27,475.25882958329294,478.2481964705517,472.75132048962666,476.4880065917969,389000,DPZ
2025-05-27,307.39868172451054,308.4835694012433,305.10181117719924,307.8287353515625,2526700,MCD
2025-05-27,41.40412287096083,43.12406333156254,41.06593429819086,42.81486129760742,1278600,PZZA
2025-05-28,476.2519987011765,480.66719276900767,474.91463855468567,475.0621337890625,373500,DPZ
2025-05-28,307.82872507622005,308.5128795854741,305.1311214743133,305.76641845703125,1935600,MCD
2025-05-28,42.88249226829053,42.9308043873772,41.60703315731468,42.11914825439453,1009100,PZZA
2025-05-29,475.7603601634891,477.3828678700233,463.2522532840099,466.6152648925781,592300,DPZ
2025-05-29,305.3070718066948,306.4115264191467,303.02976800400256,304.80859375,2248800,MCD
2025-05-29,42.235099824418306,42.78586611394085,41.78096146304445,42.34138870239258,1000600,PZZA
2025-05-30,465.2189032688615,467.43142180373957,462.91788759369274,465.9269104003906,1229900,DPZ
2025-05-30,304.94545545770677,308.1610745416521,303.55754955553846,306.7536315917969,4062900,MCD
2025-05-30,42.041851473798225,43.85841614227274,41.52007535830377,43.723140716552734,921600,PZZA
2025-06-02,463.83239868550277,465.218913933582,447.6072623911174,458.2371826171875,711500,DPZ
2025-06-02,305.4266527300591,307.90363204377013,304.10952666665327,307.3433532714844,2577000,MCD
2025-06-02,43.297989583681954,44.950288630290196,42.901824250530645,44.74737548828125,1360800,PZZA
2025-06-03,456.16233349663037,459.2205113627442,450.8817640790113,456.7916564941406,559400,DPZ
2025-06-03,306.5176881817587,309.0241842263618,303.8735971760311,307.0583190917969,3028100,MCD
2025-06-03,44.73770940008071,45.17252589455022,43.97436529712076,44.82467269897461,835500,PZZA
2025-06-04,456.27049561146475,462.71137099195374,456.1918414886848,458.148681640625,384600,DPZ
2025-06-04,307.6578751060529,308.88654074146046,304.1979634755643,306.2522888183594,2069500,MCD
2025-06-04,45.00826329370191,46.583259915984904,44.90197440923325,45.50105285644531,657000,PZZA
2025-06-05,458.0896626338098,459.1123462384842,450.9604364653397,452.3666076660156,433300,DPZ
2025-06-05,306.67492716049543,306.67492716049543,302.51711206075095,303.70648193359375,3813500,MCD
2025-06-05,45.33678751129398,46.48663597526225,44.254580444599256,45.90687942504883,1394000,PZZA
2025-06-06,456.211481734513,460.7545149002821,454.30379672415586,460.41033935546875,432100,DPZ
2025-06-06,301.9077283046949,304.57146712997877,301.5735348355618,302.1141357421875,2622800,MCD
2025-06-06,46.26439772329233,48.68004082538184,45.713631390894236,48.22589874267578,1219100,PZZA
2025-06-09,460.88235675275337,462.2196868658609,453.4384539640275,460.1546936035156,501600,DPZ
2025-06-09,298.54611884033875,300.0205176882045,294.7323356877171,299.57818603515625,4059800,MCD
2025-06-09,48.55442702309564,49.33709672594272,47.95534855757134,48.82497787475586,976100,PZZA
2025-06-10,453.4581562001746,455.04132175908927,444.5195547195952,447.9022521972656,626400,DPZ
2025-06-10,294.88961431184117,297.2486465155931,294.3391744641898,295.30242919921875,4698700,MCD
2025-06-10,48.75734055949387,48.83464290972948,46.409335117781765,46.57360076904297,1572100,PZZA
2025-06-11,448.0595606239609,449.3870776868017,438.4326386753149,439.455322265625,741500,DPZ
2025-06-11,295.07635740645105,298.02515499546934,292.11772089318555,296.5704040527344,3312100,MCD
2025-06-11,46.59292702943061,53.598292280610636,44.2159313290655,50.04246520996094,6286400,PZZA
2025-06-12,438.8063449390448,444.460559125618,436.8986598388385,443.487060546875,538500,DPZ
2025-06-12,296.52131028923174,298.00551821581,294.9486120256741,297.9858703613281,2584700,MCD
2025-06-12,50.14875127011346,50.284026691366506,47.829732464127865,48.92160415649414,1704500,PZZA
2025-06-13,442.61835981088245,454.63195947179435,440.66379179796417,446.33990478515625,852900,DPZ
2025-06-13,296.65890288336817,299.9025686535869,296.0101637299796,296.7572021484375,2435500,MCD
2025-06-13,48.332188274930786,49.71393644267269,48.07129837410061,48.71868896484375,1079000,PZZA
2025-06-16,449.15330259348036,452.7366623331412,440.3676725898149,448.6103820800781,627500,DPZ
2025-06-16,297.96621844297215,298.8115261250299,290.70233174828155,291.2331237792969,4045700,MCD
2025-06-16,49.153504785071235,49.62697245467864,48.04231117024382,48.11960983276367,1209100,PZZA
2025-06-17,446.9519230724949,458.00801582562315,446.9519230724949,452.88470458984375,501900,DPZ
2025-06-17,290.94803795283855,290.95787687739585,286.80990027157776,287.3210144042969,3379000,MCD
2025-06-17,47.68479015456204,48.50611096563472,46.786170686129,47.4432258605957,1251400,PZZA
2025-06-18,452.5391955511723,452.5391955511723,441.00929006071755,441.0290222167969,586000,DPZ
2025-06-18,287.9992455689822,288.10735375421643,283.67434822189813,284.686767578125,4008700,MCD
2025-06-18,47.34660372390159,48.4578009999765,46.54460846298201,47.32727813720703,1457100,PZZA
2025-06-20,444.9085371105356,448.15623906666275,440.54532065861565,441.532470703125,861900,DPZ
2025-06-20,284.82437444224746,285.6500342432774,280.69607543709776,282.5538024902344,7085000,MCD
2025-06-20,48.0616353577666,48.583411451022776,47.172676805813154,47.87804412841797,995000,PZZA
2025-06-23,444.2471519325295,452.18384705792806,439.2817882056936,451.729736328125,538700,DPZ
2025-06-23,283.5957111703477,284.5786437988281,280.9909457042193,284.5786437988281,5172500,MCD
2025-06-23,47.655809246162214,48.29353891009951,47.06639170952733,47.34660720825195,1079100,PZZA
2025-06-24,452.14434418374475,457.05048122393026,446.3201648109447,454.0594177246094,459500,DPZ
2025-06-24,284.67693004920716,287.11461365523905,283.6546717632297,286.495361328125,4461200,MCD
2025-06-24,47.37558927011547,48.31285993231557,46.650896371130735,47.38525390625,998600,PZZA
2025-06-25,453.7534316631255,459.024809734052,446.00429712962574,447.3073425292969,571300,DPZ
2025-06-25,285.8957302166194,286.11197656472206,279.45753439288893,280.6763610839844,4259800,MCD
2025-06-25,47.38525729049643,47.713784908938706,46.00350910286971,46.235408782958984,771800,PZZA
2025-06-26,452.1542376330575,452.75638473038043,442.30246884668486,448.87689208984375,604100,DPZ
2025-06-26,281.06958102271165,281.89524078376314,278.6318974448061,280.7550354003906,5354900,MCD
2025-06-26,46.61225187981212,47.82973440651075,46.05182089931443,46.89246368408203,1164600,PZZA
2025-06-27,448.43264784775056,448.43264784775056,433.6747724951812,440.6539306640625,963300,DPZ
2025-06-27,281.12854984855534,287.20306584343535,280.3716725827814,286.573974609375,7422200,MCD
2025-06-27,46.59292354090253,47.16301543851214,45.81025387897041,47.047061920166016,1515700,PZZA
2025-06-30,440.02216091879444,445.4119920767566,437.8306864726337,444.8098449707031,668800,DPZ
2025-06-30,285.91544966389625,288.5693497803215,285.91544966389625,287.1834411621094,5054800,MCD
2025-06-30,47.22098991312516,47.394916509827404,46.40933369050763,47.28862762451172,934200,PZZA
2025-07-01,445.39225928876243,456.0830816948169,443.3389701954939,451.6507873535156,434200,DPZ
2025-07-01,287.50780378681003,294.53576632447607,287.36036988677705,292.4126281738281,5121900,MCD
2025-07-01,47.33694176816606,49.530342364720795,47.26930037318235,47.81040573120117,885600,PZZA
2025-07-02,449.3803656998999,451.12761058941265,439.71615746681346,448.10693359375,510100,DPZ
2025-07-02,292.99250906996326,292.99250906996326,287.60605811880487,289.6014099121094,4021500,MCD
2025-07-02,48.003658678191584,49.88786098236521,47.34660347790562,48.1969108581543,2037800,PZZA
2025-07-03,445.8956940874808,447.4257646300872,443.1119236885817,446.3695068359375,390500,DPZ
2025-07-03,289.64071703825215,289.797959832488,287.6158486026735,289.0607604980469,1678600,MCD
2025-07-03,48.13893789114438,48.535103232590586,46.699216593245794,47.34660720825195,540600,PZZA
2025-07-07,446.1622415475424,449.6468802708592,442.4406964352417,447.39617919921875,512200,DPZ
2025-07-07,289.1000986876882,290.63347096984916,287.497913932127,288.5201721191406,3404300,MCD
2025-07-07,47.2886308060201,47.58817189515527,44.94062527854833,45.945533752441406,1606500,PZZA
2025-07-08,447.24810695668526,454.28649205143694,442.5986082546283,453.5263671875,600600,DPZ
2025-07-08,288.0090816091109,288.0188905370292,285.30601704466625,286.69195556640625,3123600,MCD
2025-07-08,45.96485768286473,46.72820180488494,45.317467086250915,46.67988967895508,981900,PZZA
2025-07-09,453.5855732690975,463.23004867469206,451.14731140599025,457.5243225097656,571500,DPZ
2025-07-09,287.26201266466,288.8052238326783,286.36754052262495,288.01885986328125,3265800,MCD
2025-07-09,46.72820071643035,47.01807715123628,45.81991655179856,46.31270980834961,1102900,PZZA
2025-07-10,457.524312594843,467.3760507398339,456.72472347036177,463.8815612792969,476200,DPZ
2025-07-10,291.24291620569244,295.64646503473733,289.98476368263994,293.2972717285156,5366800,MCD
2025-07-10,45.984182550658694,46.8924630362515,45.81025595125045,46.39967346191406,681600,PZZA
2025-07-11,464.7404200630221,464.7404200630221,456.99128548533486,458.5115051269531,421700,DPZ
2025-07-11,293.0515105534303,297.5729760653894,292.21601192736154,294.7912902832031,4524100,MCD
2025-07-11,46.25473161338603,46.65089692207052,45.259487866539835,45.433414459228516,742500,PZZA
2025-07-14,459.02478838569147,468.8469437572346,457.62302201328157,466.8627624511719,627400,DPZ
2025-07-14,294.0737616892749,296.9144512400769,289.79799897268697,296.7276916503906,5707500,MCD
2025-07-14,45.47206774920733,45.955196376728104,44.93096235943166,45.317466735839844,607700,PZZA
2025-07-15,466.9417198416039,471.80839262971665,459.26169342676786,459.4097900390625,419200,DPZ
2025-07-15,296.15760633459104,297.6221964347092,294.1327674008854,294.50628662109375,2937600,MCD
2025-07-15,45.414088995165564,45.414088995165564,42.099826460852846,42.54430389404297,1798200,PZZA
2025-07-16,461.620999421612,466.5073742708406,456.8925420757259,459.3209228515625,783200,DPZ
2025-07-16,294.6635389699534,295.35160380111597,291.15446232512556,293.7985534667969,2804700,MCD
2025-07-16,43.02743183303472,43.30764730499588,41.96455038998172,42.58295440673828,746800,PZZA
2025-07-17,459.4295200737805,465.93483545372914,454.37531650926644,462.6871032714844,852500,DPZ
2025-07-17,294.65370366100717,297.2879859066016,293.3267686080447,295.24346923828125,3134300,MCD
2025-07-17,42.80519143271849,43.1916957709466,42.09982414853394,42.57329177856445,615600,PZZA
2025-07-18,463.68416111856334,465.93486221407164,458.37328858935933,459.9626159667969,1159400,DPZ
2025-07-18,294.6241687542905,295.2729077836463,291.3706646805869,291.999755859375,3481300,MCD
2025-07-18,42.9694588855189,43.578198267925984,41.93556397586771,43.53955078125,1130800,PZZA
2025-07-21,482.69667718127636,489.6264601879752,447.0111761942475,456.3002624511719,2382100,DPZ
2025-07-21,293.0220198024367,293.7002456888022,290.2403337732314,290.6924743652344,3037500,MCD
2025-07-21,44.003355548383524,44.177282146280604,42.96946059753915,43.230350494384766,998600,PZZA
2025-07-22,459.1728596019513,476.4973618043823,452.23319565517215,474.7895812988281,1234500,DPZ
2025-07-22,290.81043027766503,294.9780849802654,290.0142572559615,294.06396484375,2672000,MCD
2025-07-22,42.882499925517486,44.15795926424315,42.776211032960504,43.819766998291016,844700,PZZA
2025-07-23,476.82312295240587,478.215008241602,468.63963999341496,471.9071044921875,727800,DPZ
2025-07-23,294.3784425490935,294.7618006195536,291.8523288411392,293.0318298339844,2467600,MCD
2025-07-23,44.36086927009937,44.747373636388424,43.72313964590761,43.993690490722656,837900,PZZA
2025-07-24,466.56661803517164,477.2870532085645,463.782847640543,470.21905517578125,745500,DPZ
2025-07-24,291.84249831825616,292.3830992059487,289.3851670165262,289.4539794921875,4426000,MCD
2025-07-24,43.63617772392083,43.63617772392083,41.67467666519536,41.6843376159668,907000,PZZA
2025-07-25,471.9564671211607,480.19917645131306,471.20622340774753,479.2909851074219,422900,DPZ
2025-07-25,291.74421334595013,293.54299674501914,289.86680853993454,293.3758850097656,3401000,MCD
2025-07-25,41.819610632922114,42.57329375892784,41.36547225325445,42.457340240478516,459300,PZZA
2025-07-28,479.75494241023233,480.4261972394686,465.26358635930217,468.22503662109375,744800,DPZ
2025-07-28,291.98996009735924,294.7913240483524,289.95528238589577,294.11309814453125,3070500,MCD
2025-07-28,42.63126686925163,42.63126686925163,41.14323357431165,41.60703659057617,813000,PZZA
2025-07-29,466.6357105494301,467.3168465214779,460.36730145364135,464.0098876953125,711200,DPZ
2025-07-29,293.84770109912324,297.66145423842096,293.20877093711914,297.50421142578125,3147700,MCD
2025-07-29,41.71332307159465,41.722987708094166,40.29292744240886,40.78571701049805,725300,PZZA
2025-07-30,464.0098662165472,469.7847000000848,463.72361439404364,469.2713928222656,515900,DPZ
2025-07-30,297.4059028697191,300.21707550773993,295.9413130019124,298.4281311035156,2805900,MCD
2025-07-30,41.23986087529201,42.012865959659734,40.97897096819685,41.96455383300781,839800,PZZA
2025-07-31,464.08884284552096,470.8705586500348,455.55985222863575,457.25775146484375,848700,DPZ
2025-07-31,295.88234580660315,298.2905425560831,294.8797654030523,294.9485778808594,3639600,MCD
2025-07-31,41.23019099752098,42.02252525500904,40.8823415182556,40.978965759277344,551300,PZZA
2025-08-01,458.91622811964567,461.6407419321439,455.47105375779836,460.1797790527344,511500,DPZ
2025-08-01,298.32003345054454,298.51663196221534,296.2362212124083,297.720458984375,3344800,MCD
2025-08-01,40.89200173013351,41.38479493399685,39.99338229812713,40.379886627197266,623600,PZZA
2025-08-04,460.3672833112833,462.4699177399231,455.5697485237632,461.96649169921875,512300,DPZ
2025-08-04,295.40073501373064,301.1214099824285,295.40073501373064,299.03759765625,4734500,MCD
2025-08-04,40.37989148620353,40.58280462469205,38.32176250530577,38.72759246826172,1074900,PZZA
2025-08-05,458.6397944344938,459.5084913443311,441.0685346688943,441.3844299316406,855600,DPZ
2025-08-05,297.8285922659586,299.4012905016913,293.2776093074353,293.6707763671875,4222900,MCD
2025-08-05,38.55366230192152,39.60688275768166,38.23479566866472,38.81454849243164,1324300,PZZA
2025-08-06,441.3547990514981,445.69825330222574,433.7339993625536,438.07745361328125,749300,DPZ
2025-08-06,301.7602880273708,305.1022526446165,296.59005329804904,302.4090270996094,6474300,MCD
2025-08-06,38.80489487354308,39.66486332185099,38.02222509621715,39.152748107910156,1727400,PZZA
2025-08-07,440.6539418851835,442.3320789581647,433.35888828057296,436.7349548339844,645400,DPZ
2025-08-07,303.88342028382414,304.8761917240575,299.1555172810158,302.6547546386719,3603300,MCD
2025-08-07,41.79062312299555,43.37528431177568,41.278507996030385,42.515316009521484,1185000,PZZA
2025-08-08,434.34603412623045,441.16724477721897,433.9018045411568,434.3855285644531,469100,DPZ
2025-08-08,301.7602888044803,303.28382223786684,298.7033830133884,300.23675537109375,2622000,MCD
2025-08-08,42.7085684663008,42.7085684663008,41.355806928091525,41.85826110839844,861100,PZZA
2025-08-11,434.0597379476977,436.75466841629725,427.92954460201383,434.87908935546875,679100,DPZ
2025-08-11,300.28590177261856,302.0551684095787,298.5952565431297,299.16534423828125,2649000,MCD
2025-08-11,42.07084371322872,42.92114748305283,41.07559618808009,42.650596618652344,1210000,PZZA
2025-08-12,435.77739008188667,439.27187947603267,433.07257853122724,435.5207214355469,540500,DPZ
2025-08-12,299.96154149641626,300.2858960415372,294.771658797433,296.4917907714844,3438300,MCD
2025-08-12,43.05642284141532,44.69905715866883,41.954886519733385,44.56378173828125,1424100,PZZA
2025-08-13,434.54351985818096,445.8858657489694,434.296732313992,445.18499755859375,449200,DPZ
2025-08-13,296.55074254189384,300.0991144121495,296.2558447985428,299.86322021484375,2999100,MCD
2025-08-13,44.50581081869577,46.12912331388083,44.070994313560675,45.93587112426758,1174500,PZZA
2025-08-14,442.0260679210669,446.35967129427416,441.0191856702625,444.7999572753906,533900,DPZ
2025-08-14,300.2859030723431,304.01122594816553,297.5337038481102,303.6770324707031,4699400,MCD
2025-08-14,45.63632893243921,46.274058562415675,44.75703499283563,45.99384307861328,560900,PZZA
2025-08-15,445.4514836049343,449.4000840136207,442.065565984589,445.46136474609375,559600,DPZ
2025-08-15,304.86633584163127,304.86633584163127,301.2687994331335,303.6573181152344,3416600,MCD
2025-08-15,46.187093910119174,46.911786817765325,45.62666664491509,45.9648551940918,1269700,PZZA
2025-08-18,445.6982701675157,447.5541171756575,438.7388740124143,439.13372802734375,745800,DPZ
2025-08-18,303.10692037621055,304.6894574569229,301.32781477397674,303.4313049316406,3272600,MCD
2025-08-18,45.925828561463256,46.003885718919,44.68669910162925,44.75499725341797,877600,PZZA
2025-08-19,439.133706349186,450.3082521600888,438.73885235374877,444.77032470703125,687200,DPZ
2025-08-19,303.43127915396826,308.85705583392183,303.18554602540064,305.6231994628906,2893600,MCD
2025-08-19,45.35017075264951,46.16975230874433,44.71597308739066,44.784271240234375,724700,PZZA
2025-08-20,445.2046973201368,448.8176703192055,436.1229043046758,437.1692810058594,843600,DPZ
2025-08-20,308.31649841033106,310.7541521914349,307.0583458145834,307.7365417480469,3879900,MCD
2025-08-20,44.50131828003712,44.70621273238477,43.457328007252336,43.95492935180664,643200,PZZA
2025-08-21,434.81001578497063,442.87504554325517,431.8288332593367,441.1178894042969,713800,DPZ
2025-08-21,306.5471805185705,308.2476646896296,305.85914570702715,307.8741455078125,2282200,MCD
2025-08-21,43.77930571924437,43.915902024700735,42.87191172217545,43.24267578125,584200,PZZA
2025-08-22,442.81575845337346,445.717982025348,439.77534953891046,445.1947937011719,768800,DPZ
2025-08-22,309.26009563024917,311.3930426216236,307.80534455100565,308.70965576171875,2796700,MCD
2025-08-22,43.60368141358843,46.55027219174339,43.57441183973627,45.164791107177734,1281600,PZZA
2025-08-25,445.4218706858958,457.12945644740637,444.8098424420975,454.7405700683594,817700,DPZ
2025-08-25,308.3754519162712,310.16436643057114,306.6258331078875,308.09039306640625,2944300,MCD
2025-08-25,45.02819209295629,47.16495646102388,44.491558458125844,47.047874450683594,1558400,PZZA
2025-08-26,454.32592704261793,455.2242371985639,438.7585816790832,445.4218444824219,754000,DPZ
2025-08-26,308.0805653754562,309.7417239110177,306.96984671001564,307.59893798828125,2807600,MCD
2025-08-26,46.83322380255076,47.54547863457813,46.09169939667728,47.47718048095703,1415900,PZZA
2025-08-27,447.0210231593615,459.61706738487436,445.4021127493481,446.7347412109375,855600,DPZ
2025-08-27,308.0117377317678,310.3314742102879,306.02622472632737,306.11468505859375,3234400,MCD
2025-08-27,47.82842561223124,48.69679095709508,46.784435397398326,47.379608154296875,1315600,PZZA
2025-08-28,448.2450909947387,449.42968313013756,441.2659628879355,443.1908874511719,477100,DPZ
2025-08-28,305.810003429577,307.18610314995664,304.0702234256032,306.8912353515625,3471700,MCD
2025-08-28,47.49669304552729,48.19919256807773,46.18926544631957,46.5112419128418,2168300,PZZA
2025-08-29,445.5107189621392,454.35557561641315,445.5107189621392,452.410888671875,430500,DPZ
2025-08-29,306.90105090275523,308.54253151667046,306.1146868390553,308.1886901855469,2492500,MCD
2025-08-29,46.64784214446814,47.66255913247743,46.50148683596281,47.525962829589844,832700,PZZA
2025-09-02,453.3091864023475,462.97339426138905,453.3091864023475,461.29522705078125,597200,DPZ
2025-09-02,309.4539513378079,312.49858796392544,308.74222084299,312.1328430175781,3228700,MCD
2025-09-02,47.22349810190227,47.26252295635648,46.384402318633406,46.46245574951172,990800,PZZA
2025-09-03,458.6496799809674,462.84506795480496,458.017919574837,460.604248046875,386700,DPZ
2025-09-03,311.40132720235823,313.23008212604094,309.38478257873777,312.755615234375,3219500,MCD
2025-09-03,46.28683207854679,47.38936519833024,45.18430268073333,47.047874450683594,960300,PZZA
2025-09-04,461.1076660884397,461.8184153613532,449.6863623927113,456.6556396484375,463500,DPZ
2025-09-04,314.1691764464332,315.76066773186136,312.84457278330734,313.34869384765625,2881300,MCD
2025-09-04,46.98933407328894,47.07714651618758,44.9794068924813,46.218536376953125,979600,PZZA
2025-09-05,457.1097172891968,460.60423703545456,452.8649839614335,457.86981201171875,329300,DPZ
2025-09-05,313.7243513541199,314.38666830672565,309.67144220970494,310.7687072753906,2533100,MCD
2025-09-05,46.21853560080576,47.4576650644689,46.21853560080576,47.06739044189453,752900,PZZA
2025-09-08,458.19558931608185,461.21626618096377,450.6438971538771,460.1205139160156,527700,DPZ
2025-09-08,309.2266377110297,309.4836305723107,306.2017904049327,309.20684814453125,2873600,MCD
2025-09-08,46.833221262043764,48.56019674271803,46.1307217520827,48.482139587402344,1016500,PZZA
2025-09-09,457.2479212366894,458.2646845965732,452.1147288588626,453.072265625,418700,DPZ
2025-09-09,307.6351041705423,310.0965219091964,307.16063726537215,308.9300537109375,2310800,MCD
2025-09-09,48.072354088330734,49.350512182261134,47.52596512838188,47.57474899291992,1253500,PZZA
2025-09-10,450.3279843159605,453.00315251988354,439.7062401237556,444.77032470703125,682900,DPZ
2025-09-10,308.5050078861436,308.5050078861436,301.1109200416002,302.4256591796875,3479500,MCD
2025-09-10,47.57474423593761,48.95046992138577,46.95030189955971,48.53092575073242,1012700,PZZA
2025-09-11,443.72396806180564,452.40102583900233,441.1376396308802,450.7524719238281,533800,DPZ
2025-09-11,302.7123136644039,305.39117515395947,301.74356017047813,304.88702392578125,2761500,MCD
2025-09-11,48.60898054392545,49.652970802181514,48.18943263954553,48.83338928222656,886500,PZZA
2025-09-12,449.98248764823245,452.38125510611144,445.33301921899226,446.2411804199219,437300,DPZ
2025-09-12,304.086345635592,304.9661366319556,301.7435747955977,301.891845703125,2072600,MCD
2025-09-12,48.61874326108327,49.21391236620493,48.150407737951326,49.18464279174805,619300,PZZA
2025-09-15,447.5790318020447,451.602345271602,444.07100898784745,445.8844909667969,512800,DPZ
2025-09-15,301.6348394862563,302.1982689098932,297.0580199522572,298.60009765625,3584500,MCD
2025-09-15,49.27245134281267,50.648177063109436,48.374816392023874,48.413841247558594,1437600,PZZA
2025-09-16,444.0313481788537,445.96374099978067,436.54957849730346,438.4225158691406,634900,DPZ
2025-09-16,300.0136705745815,302.48495286926504,299.2228723070909,299.80609130859375,3578500,MCD
2025-09-16,48.579713666793744,48.882175855124274,46.979579115721826,47.47718048095703,1069600,PZZA
2025-09-17,439.9287559272735,442.45570315262194,433.0316518923626,434.2505187988281,611100,DPZ
2025-09-17,301.39756321754226,303.0582575725434,300.4189451453127,301.4667663574219,2681600,MCD
2025-09-17,47.48693358679481,48.07235109065702,44.764755406829224,45.0086784362793,1498700,PZZA
2025-09-18,432.6451888375767,432.6451888375767,423.45895877966586,426.1940002441406,813600,DPZ
2025-09-18,298.00701266399705,299.21299971994296,294.4582546456287,297.6808166503906,4654100,MCD
2025-09-18,44.98916522846855,45.3599292842945,44.18909797040266,44.64767074584961,920700,PZZA
2025-09-19,428.7903335019138,428.7903335019138,423.56793144825934,424.83636474609375,1485700,DPZ
2025-09-19,298.23437359968364,301.298739657488,297.295274216149,298.90655517578125,5696900,MCD
2025-09-19,45.17454271437151,47.13568588619343,44.15982205442236,46.35512924194336,2019600,PZZA
2025-09-22,424.836355901663,425.6192262756812,419.0392078888893,421.1202392578125,1033300,DPZ
2025-09-22,298.847234718174,300.7550574232886,296.9690661941278,299.509521484375,3657900,MCD
2025-09-22,45.85752860775352,46.35512994008576,44.78426878870047,45.08673095703125,1502000,PZZA
2025-09-23,421.15989255025255,422.43824516241307,416.72036091348576,420.0599365234375,689100,DPZ
2025-09-23,300.250914930823,300.95278084826947,296.87021752239207,299.7072448730469,2976900,MCD
2025-09-23,45.13551709954602,45.66239175239723,44.60864616866499,44.715972900390625,933200,PZZA
2025-09-24,420.1689421027064,425.12376453316284,419.53471031552664,421.4571838378906,553900,DPZ
2025-09-24,299.015246396697,302.46517680353884,298.54077952915645,300.8341064453125,2427300,MCD
2025-09-24,44.715971920442584,45.48676587127355,44.3061792921044,45.1452751159668,487500,PZZA
2025-09-25,423.46884085977746,423.77606767319065,416.43301719660184,418.93023681640625,565100,DPZ
2025-09-25,302.3663468784133,302.81115960703295,298.48149821336193,298.82745361328125,2558400,MCD
2025-09-25,45.11600416785144,45.769716085787344,44.60864383116972,45.61360549926758,516400,PZZA
2025-09-26,427.10569335097085,437.6495699952525,425.52014412543065,431.8127746582031,931900,DPZ
2025-09-26,299.8851890984744,302.26750908915284,298.54082587571423,301.73370361328125,2284700,MCD
2025-09-26,45.46725035785014,46.43318717423306,44.90135087544084,45.85752868652344,701700,PZZA
2025-09-29,433.2397739101925,433.67580071128646,428.0966657152389,430.4848937988281,704800,DPZ
2025-09-29,302.36633831771917,302.5936769835701,298.38263243675544,299.509521484375,3073800,MCD
2025-09-29,46.003885435057484,46.80395268419152,45.44774121851237,46.755165100097656,729800,PZZA
2025-09-30,428.3938999888031,429.0578594462562,423.8057601988922,427.8092346191406,564900,DPZ
2025-09-30,299.272281250364,300.98241943192176,298.5308965734432,300.3992004394531,2640100,MCD
2025-09-30,46.306346179677995,47.05762954342716,45.91607157280141,46.979576110839844,629900,PZZA
2025-10-01,428.0471151292689,432.001053689177,423.3003868478592,424.2913513183594,606700,DPZ
2025-10-01,299.77644761462636,301.2690816592573,294.8734016501995,297.0679016113281,3055300,MCD
2025-10-01,46.99908856792463,47.818670113891976,46.247808895927186,47.06739044189453,638100,PZZA
2025-10-02,422.66615237873066,429.06780459151156,419.55453968693234,427.343505859375,492200,DPZ
2025-10-02,296.1584897937951,298.9065546246773,295.51596240115055,296.4352722167969,2690400,MCD
2025-10-02,47.03811671117362,47.272284460125825,46.36489048113745,46.755165100097656,563700,PZZA
2025-10-03,426.1147126540853,427.3434988922587,422.26976575702463,422.85443115234375,541200,DPZ
2025-10-03,295.466489868807,297.92790742084236,295.22925643420837,297.5226135253906,2599100,MCD
2025-10-03,46.75516571242712,47.07714590620696,45.74044871226526,46.189266204833984,670800,PZZA
2025-10-06,422.15088287090805,426.11474092603396,417.57263165593156,419.08880615234375,442600,DPZ
2025-10-06,295.6049125443205,296.20789094637223,291.5223493510814,292.6393737792969,3814200,MCD
2025-10-06,44.550100992614276,45.535548372750995,43.75003377096705,45.43798065185547,1073700,PZZA
2025-10-07,419.54464317923964,421.14011177909765,406.1269751367731,407.7125244140625,789700,DPZ
2025-10-07,291.6113238626404,294.64606589682154,290.7513224122097,292.9161682128906,2515700,MCD
2025-10-07,45.40871307582605,45.74044855220954,43.39878592809429,43.45732879638672,750600,PZZA
2025-10-08,410.39802569990576,413.3808080853383,407.573771011287,409.7637939453125,557200,DPZ
2025-10-08,292.9754548568312,293.25223725905937,290.05932976759004,291.0181884765625,2464600,MCD
2025-10-08,43.56465734758696,43.68173936709386,42.06209049636224,42.17917251586914,879100,PZZA
2025-10-09,411.80517963168177,412.0231930178188,401.44958915292545,401.6676025390625,883000,DPZ
2025-10-09,290.27683186103326,291.72994715490915,288.68534043618075,290.43499755859375,2802700,MCD
2025-10-09,41.95476019766854,42.188927938764174,41.03761096581474,41.301048278808594,839700,PZZA
2025-10-10,403.3225241012045,408.27734626460995,400.7162828045597,402.6982116699219,881800,DPZ
2025-10-10,291.31477362055887,294.5274406549996,289.52556762397046,293.5982360839844,4016200,MCD
2025-10-10,41.43764684775595,42.296253260895234,40.500979554013725,40.579036712646484,909100,PZZA
2025-10-13,400.90455609014333,407.18726677037324,399.8937832870717,404.5711364746094,991900,DPZ
2025-10-13,291.2159119858523,296.96906441481445,290.6227982010176,296.66259765625,3369300,MCD
2025-10-13,41.23274790370401,49.71151492169751,40.96931430312266,44.51107406616211,8379500,PZZA
2025-10-14,403.57026369508924,424.39043602498407,395.20652149529667,420.3968505859375,1630700,DPZ
2025-10-14,296.71204209928584,302.010456877674,296.662598353005,301.0614929199219,2992800,MCD
2025-10-14,44.696457317691824,48.55043821071698,44.33544855379175,47.4966926574707,3958300,PZZA
2025-10-15,417.6717153193469,421.77429249562726,409.2782450564765,413.6880187988281,873300,DPZ
2025-10-15,300.1422050856206,305.54937236751203,300.1422050856206,301.74359130859375,2522100,MCD
2025-10-15,52.68737363143706,53.61428187490264,50.46279682469567,51.955604553222656,5059500,PZZA
2025-10-16,413.4501972248149,422.15086405841106,410.576406311282,413.1826477050781,661200,DPZ
2025-10-16,302.2773694922293,303.7502440663827,301.20975866191446,301.8226318359375,2021600,MCD
2025-10-16,51.50679131280758,52.180017580200385,50.74574887796103,51.7409553527832,1438800,PZZA
2025-10-17,413.9357511542747,416.9086444986188,411.7655365935567,412.4988708496094,514700,DPZ
2025-10-17,303.2757437580935,304.7881672789619,302.7913820935664,304.5509338378906,2194200,MCD
2025-10-17,51.71168346974489,52.39466871279593,50.71647703935112,50.74574661254883,1190100,PZZA
2025-10-20,413.3610289172317,421.2094508634516,413.3610289172317,419.1185302734375,402900,DPZ
2025-10-20,304.412574398198,305.1539591091853,302.32679639110273,304.234619140625,2329600,MCD
2025-10-20,51.145777514663145,52.33612305417644,50.8335563439662,52.033660888671875,897100,PZZA
2025-10-21,419.11853060980314,420.2680530658461,414.7186457835767,416.086181640625,434400,DPZ
2025-10-21,305.0056534407767,305.0056534407767,302.87049205226185,303.9479675292969,2461100,MCD
2025-10-21,51.711683137016955,52.12147204702879,50.960399746691806,51.379947662353516,842400,PZZA
2025-10-22,416.7203412554129,421.39769446288057,412.2411930259412,420.98150634765625,635200,DPZ
2025-10-22,304.67945574590874,309.196967065042,303.6217396733114,306.5477294921875,2735700,MCD
2025-10-22,51.516543520845744,52.160500175282436,50.87258686640905,51.594600677490234,1229000,PZZA
2025-10-23,419.2869354699982,420.97158705758824,416.7302606079285,417.94915771484375,689800,DPZ
2025-10-23,308.38638181815185,308.38638181815185,302.7024324367499,303.4438171386719,2081500,MCD
2025-10-23,51.653139319488474,52.07268722743763,50.57012419637906,51.63362503051758,955800,PZZA
2025-10-24,418.4347532817836,419.8617445577931,410.4971180892106,411.11151123046875,482500,DPZ
2025-10-24,304.09623442042005,304.1654375649081,301.5162000122499,302.2773742675781,1994500,MCD
2025-10-24,51.799496444015396,54.38508213288092,51.63362684292556,53.96553421020508,1970200,PZZA
2025-10-27,411.2997810721796,411.4979860580445,404.0954804393317,408.9710388183594,554900,DPZ
2025-10-27,302.38608648604867,306.52795790122946,301.8325216819833,306.4389953613281,2139700,MCD
2025-10-27,53.672825901859234,53.71185448285401,50.062767765160885,50.335960388183594,1268900,PZZA
2025-10-28,408.9809212621044,411.2403189518616,406.24588000092535,407.25665283203125,430800,DPZ
2025-10-28,304.9958033515058,307.01234811081713,302.8111679450521,302.88037109375,2336500,MCD
2025-10-28,50.03348993009976,51.09699447293394,48.93096053178093,50.65793228149414,1140000,PZZA
2025-10-29,404.5116923282725,406.32514392834184,399.6262147057192,402.2027282714844,550200,DPZ
2025-10-29,301.19990352173517,301.2789712830882,297.7598676459755,298.87689208984375,2502300,MCD
2025-10-29,50.50182160732156,51.848277751445416,49.41880649958128,51.18480682373047,849900,PZZA
2025-10-30,399.19020287236634,403.4018018564534,398.20915772757814,400.30999755859375,685200,DPZ
2025-10-30,297.04814038832995,300.89347022993303,296.6527412431806,298.9559631347656,3128400,MCD
2025-10-30,49.896895037087894,50.42376968166314,49.55540427966141,50.01397705078125,793800,PZZA
2025-10-31,399.3586980422444,399.3586980422444,390.73729469745126,394.8597106933594,716300,DPZ
2025-10-31,296.5538952325576,297.2557310045084,293.588356280232,295.0019226074219,3582700,MCD
2025-10-31,49.98470573421658,50.248143047314635,47.886969956685434,49.57491683959961,1124800,PZZA
2025-11-03,395.05790698682335,403.2234447023729,389.3400527698496,399.9830017089844,715000,DPZ
2025-11-03,294.2506610983459,294.4977893341648,291.0577534314381,292.965576171875,3899300,MCD
2025-11-03,49.37002317521597,49.52613377626286,46.74541253199937,47.11617660522461,1677400,PZZA
2025-11-04,404.2045276291596,406.34498435333177,399.6956209732715,403.2036437988281,649000,DPZ
2025-11-04,294.7844362757818,296.3067546547187,293.0150198281238,295.77294921875,4151300,MCD
2025-11-04,46.11120801886125,50.75550460094429,37.320223642873444,42.41333770751953,12264500,PZZA
2025-11-05,402.6090402917478,404.5215944447976,395.6425613356366,396.7920837402344,686300,DPZ
2025-11-05,296.11892291506905,306.60706050649486,295.77293736549154,302.15875244140625,6070300,MCD
2025-11-05,42.21819653021986,43.5158650544943,40.208269515890045,40.25705337524414,2831600,PZZA
2025-11-06,397.1785403988454,402.32164832580713,394.12638319206326,397.83258056640625,516000,DPZ
2025-11-06,300.7649538937485,302.8902506609644,294.09249161273215,294.9821472167969,3544900,MCD
2025-11-06,39.02768515223956,42.66701634604949,38.744733541613,41.779136657714844,3124600,PZZA
2025-11-07,398.8532964080189,407.3656779296199,397.3767689638204,406.47381591796875,486400,DPZ
2025-11-07,296.8899549562617,299.0745599757467,294.9030344126965,296.2177734375,3250100,MCD
2025-11-07,40.50098036639739,41.82792231400917,38.49105687690036,40.08143615722656,2409300,PZZA
2025-11-10,405.304459546707,406.47379033821454,395.24617644006406,403.9071960449219,463700,DPZ
2025-11-10,295.5653882716389,296.5736606758487,292.6393982258165,295.66424560546875,3824300,MCD
2025-11-10,40.14973257736397,47.64304842215106,39.076469002810505,42.90118408203125,11205300,PZZA
2025-11-11,405.33417417030864,407.1476257465395,402.737852237138,405.5323791503906,279000,DPZ
2025-11-11,297.40399631133425,303.7601576062471,297.39413169525426,303.305419921875,2755800,MCD
2025-11-11,41.359588244224526,41.749866579813585,39.19355055344837,41.222991943359375,2136800,PZZA
2025-11-12,405.3441074977664,407.7917909013676,398.56591428206343,400.11181640625,544100,DPZ
2025-11-12,303.25598836759036,305.5394507691338,302.26747546070504,303.4141540527344,2818600,MCD
2025-11-12,41.33031654062284,41.75961971005853,39.535042989029265,39.76920700073242,1585500,PZZA
2025-11-13,400.9739715832849,408.5746523838893,400.3397397854483,404.98736572265625,486000,DPZ
2025-11-13,303.7700010429125,306.53785525346336,302.9792027924806,304.0467834472656,2294300,MCD
2025-11-13,39.88629424516865,40.29608314221569,39.26185189425697,39.72042465209961,1210500,PZZA
2025-11-14,405.7107561600796,409.0403821718423,401.54869340354145,406.4539794921875,445400,DPZ
2025-11-14,304.9068450353753,307.1804128545371,299.8456331663065,303.5031433105469,3112500,MCD
2025-11-14,39.03743996265721,43.35975633863115,39.03743996265721,40.10094451904297,1932400,PZZA
2025-11-17,406.89002775149896,407.6927065732128,399.50733016599594,400.9739685058594,500600,DPZ
2025-11-17,303.64152664111924,304.16543728157467,300.6067847393206,301.3975830078125,2435700,MCD
2025-11-17,40.041745153715546,40.30816053780137,38.72938458274308,39.686519622802734,952000,PZZA
2025-11-18,399.76496192592526,404.31348500319103,396.3857696109716,399.6955871582031,312400,DPZ
2025-11-18,302.1686315019803,304.89693689910706,300.6661026771827,301.0911560058594,2773800,MCD
2025-11-18,39.35102719731552,40.544976685944775,39.252351352739595,40.48577117919922,901500,PZZA
2025-11-19,399.8046212839855,401.687447699259,395.89029959178816,396.05877685546875,326000,DPZ
2025-11-19,301.0911450622804,301.3382732909504,298.570449196655,299.26239013671875,2008300,MCD
2025-11-19,40.61404967762441,40.75219210199509,38.25575146818511,38.82805633544922,1127200,PZZA
2025-11-20,396.3461545834812,399.3586951435938,393.4822828924497,393.6210021972656,486500,DPZ
2025-11-20,298.9757584536573,302.1291172266621,298.40240404019005,300.6661071777344,4205100,MCD
2025-11-20,39.27208556799229,39.86412932877519,37.920258524967196,38.038665771484375,1182000,PZZA
2025-11-21,395.0678024718877,409.91243027315477,394.57232025706656,403.7189025878906,476300,DPZ
2025-11-21,302.7518415800112,306.9728110613235,302.6431196388259,305.7964782714844,3348900,MCD
2025-11-21,37.93012461997063,40.5449761212883,37.89065804678849,39.71611785888672,910400,PZZA
2025-11-24,405.3044690474373,409.8331839425116,397.624494389448,399.03167724609375,667400,DPZ
2025-11-24,305.4405972269914,306.7750957012142,300.53758159489695,301.3975830078125,3687300,MCD
2025-11-24,39.74571861668126,40.52524083731273,39.37076170587755,39.93320083618164,780900,PZZA
2025-11-25,399.9532472896713,414.42133391812496,399.9532472896713,413.8465576171875,647600,DPZ
2025-11-25,303.2263402028109,307.8822276398438,303.2263402028109,306.88385009765625,4189600,MCD
2025-11-25,40.1108147000104,41.22582352515187,40.1108147000104,40.65351867675781,705200,PZZA
2025-11-26,413.5393599153424,418.4149181707961,411.5475117526742,411.83489990234375,497000,DPZ
2025-11-26,307.99097943011094,309.2760341664193,306.1622244845794,308.8114318847656,2786600,MCD
2025-11-26,40.17001604677594,42.113886899821374,40.17001604677594,41.30476379394531,777400,PZZA
2025-11-28,412.3997919004614,420.15903066576936,411.28991649390343,415.83843994140625,243400,DPZ
2025-11-28,308.78176816994795,309.70107792217016,307.1210737465105,308.23809814453125,1850700,MCD
2025-11-28,41.4725078108504,41.69945661144344,41.22582384097554,41.51197814941406,274700,PZZA
2025-12-01,416.0167590597734,424.6678890905239,415.02579466759806,420.020263671875,634700,DPZ
2025-12-01,307.7607781864714,307.7806561565646,301.6847048639153,301.88360595703125,3354100,MCD
2025-12-01,40.94953895728612,41.40343655800731,40.456171018041715,41.03834533691406,550300,PZZA
2025-12-02,419.3167149352952,424.69764467984567,416.2149913455684,420.80316162109375,645000,DPZ
2025-12-02,302.11231507676376,302.1322233953145,297.9257110081231,299.0494384765625,3947800,MCD
2025-12-02,40.92980531920108,42.104019703454405,40.45617253149977,41.581050872802734,665300,PZZA
2025-12-03,421.1599044311815,429.5831025198051,421.1599044311815,427.7894592285156,483900,DPZ
2025-12-03,300.7201107284874,307.0348414729247,300.38200312782135,306.0006103515625,4986900,MCD
2025-12-03,41.521846436733206,43.248634176810214,41.452771464159454,42.30136489868164,864900,PZZA
2025-12-04,426.927298211526,429.6524503635201,422.9931682587921,423.211181640625,570800,DPZ
2025-12-04,306.8160346107506,312.056747468542,305.61276497204835,306.82598876953125,4632200,MCD
2025-12-04,42.3803081889578,42.41977852883617,41.324501063853624,41.798133850097656,527200,PZZA
2025-12-05,422.4382697825894,424.1328106283669,411.3691828903894,412.7862548828125,751000,DPZ
2025-12-05,306.9453376784783,310.31648979221444,306.48790156484847,309.5010681152344,3147200,MCD
2025-12-05,41.620519036935725,41.66985507730686,40.554842497245865,40.61404800415039,504700,PZZA
2025-12-08,413.19253777848246,419.7626370665533,411.0520508899366,414.68890380859375,651600,DPZ
2025-12-08,310.2667757769304,312.00705416670485,307.33315149494905,308.0690612792969,3575000,MCD
2025-12-08,41.2751639003399,41.32449994179888,40.03187457662103,40.604183197021484,584900,PZZA
2025-12-09,414.3123331693457,417.68160633147016,409.38723852551243,413.42047119140625,490900,DPZ
2025-12-09,308.9640565307292,310.96290028486965,306.7066777659377,309.0635070800781,2355100,MCD
2025-12-09,40.70285658991761,40.79166297304138,40.012140694965915,40.41670227050781,407400,PZZA
2025-12-10,413.6087680928724,416.33392046948126,411.4385534172443,415.09521484375,436000,DPZ
2025-12-10,307.7806547466662,309.59055150237464,304.3100522284258,308.804931640625,4103900,MCD
2025-12-10,39.99240449835968,41.403437125051504,39.99240449835968,40.989009857177734,698900,PZZA
2025-12-11,415.4321378292249,430.0785918918118,414.619539683278,429.7515869140625,552600,DPZ
2025-12-11,309.7695360147536,311.24132515289676,307.3430884251893,307.9894714355469,4844000,MCD
2025-12-11,41.2060885654829,42.2026939091038,40.97913976547484,41.38370132446289,468000,PZZA
2025-12-12,431.0695444926599,434.4388176426262,426.3723825817824,427.8291015625,552900,DPZ
2025-12-12,308.80492537363153,316.02460393189887,308.64581057270595,314.9605407714844,3771900,MCD
2025-12-12,41.689591329942026,41.89680496334621,40.82126269326423,40.86073303222656,534600,PZZA
2025-12-15,427.5206229246429,437.8683513384078,425.7993365248697,435.30133056640625,815100,DPZ
2025-12-15,314.94068982992525,317.8842380295495,314.04566520440255,316.95941162109375,3814900,MCD
2025-12-15,41.66985449894704,41.66985449894704,40.56471140075834,41.00874328613281,808600,PZZA
2025-12-16,435.301335592436,436.91318939395586,430.3065746271543,431.71942138671875,696100,DPZ
2025-12-16,317.3372752711366,318.79911038578916,312.56395222429654,312.7528991699219,2972300,MCD
2025-12-16,40.76205881685552,40.9890076078703,39.96280143311771,40.36736297607422,745800,PZZA
2025-12-17,431.07270428876996,439.7787312074699,429.82898615752714,436.21673583984375,580800,DPZ
2025-12-17,313.79704545070365,317.42679326012905,313.2501129482667,316.91961669921875,3328600,MCD
2025-12-17,40.544978145990406,41.956010779400124,40.37723108621997,40.426570892333984,870500,PZZA
2025-12-18,435.8983378040212,440.1269794608518,428.54546161885145,429.2021484375,710500,DPZ
2025-12-18,317.6057784130575,320.00239397251755,316.58150150447926,317.874267578125,3335200,MCD
2025-12-18,40.78179477902276,41.56131324538459,40.12067979746186,40.22922134399414,796500,PZZA
2025-12-19,430.2866687490552,432.11741820654265,426.03813851599017,429.3414611816406,958300,DPZ
2025-12-19,316.92957719319054,317.5560519392492,313.99595282645595,314.08544921875,7128600,MCD
2025-12-19,40.160149910654816,40.43643474457556,39.686517153605585,40.31802749633789,1014400,PZZA
2025-12-22,428.6946996644319,429.1623388952758,424.11784124331825,425.7396545410156,644300,DPZ
2025-12-22,313.2500940706127,316.50191745519237,312.7230395707014,314.46331787109375,2514600,MCD
2025-12-22,40.35750034472721,40.61405002588713,39.410231007593445,39.686519622802734,745500,PZZA
2025-12-23,424.5755027181059,429.7692706130466,422.09802602964817,424.0382080078125,491700,DPZ
2025-12-23,310.36623038323637,312.3749979683961,308.904395302794,309.11322021484375,2922800,MCD
2025-12-23,39.656912583180635,39.77532359571007,38.33468638939044,38.46296310424805,742600,PZZA
2025-12-24,423.52084725250256,426.1077870127548,421.86918594683544,423.2919921875,195000,DPZ
2025-12-24,308.95411325004744,311.6590044081284,308.55634138669245,311.5893859863281,1011500,MCD
2025-12-24,38.54190428112709,38.93659636906886,38.43336273361105,38.75898361206055,269400,PZZA
2025-12-26,422.5756217825361,424.82427392436966,421.3617516481232,423.4213562011719,214700,DPZ
2025-12-26,311.24134279935004,311.51978612796995,308.1486037065621,308.9541015625,1308900,MCD
2025-12-26,38.482700832895,38.97606879229109,38.37415927957205,38.77872085571289,566200,PZZA
2025-12-29,422.6154062514489,423.85912433929894,418.69520440940863,419.13299560546875,326000,DPZ
2025-12-29,308.7353111388922,309.37177035121357,306.5077645918586,306.8160400390625,2148300,MCD
2025-12-29,38.49256480849387,39.10434376084208,38.19654479896011,38.79845428466797,807600,PZZA
2025-12-30,419.17281330977073,422.51591303662764,417.44153704159453,419.7996520996094,243800,DPZ
2025-12-30,305.3740824807543,306.92544422113616,305.06580703407496,306.3188171386719,1678300,MCD
2025-12-30,38.749119494308474,39.22275227766771,38.255751541130266,38.48270034790039,503900,PZZA
2025-12-31,419.8394339317304,421.7896058251749,414.0984419648411,414.72528076171875,389900,DPZ
2025-12-31,306.07020960629336,306.4978135731772,303.6537161025961,303.9321594238281,1903600,MCD
2025-12-31,38.23601515591348,38.285351196843315,37.594635331529666,37.97946548461914,832000,PZZA
2026-01-02,414.605893237782,423.2721127759085,413.9093989304352,423.14276123046875,398200,DPZ
2026-01-02,303.5940696849641,303.85260470327137,298.62184555073907,301.5753479003906,3124300,MCD
2026-01-02,38.27548388618919,40.100943672588734,38.1176063033876,39.76545333862305,864300,PZZA
2026-01-05,413.90939578548273,417.8892938218816,403.12387575054726,409.372314453125,1038800,DPZ
2026-01-05,299.5765067558793,300.65049382529867,297.95555681799385,298.1942138671875,4573300,MCD
2026-01-05,39.49903741616577,39.92333416013383,38.94646771358322,39.34115982055664,750500,PZZA
2026-01-06,408.43702069009214,412.3174150574238,404.25811576268205,404.4571228027344,895900,DPZ
2026-01-06,297.40861563676236,302.53000032188976,296.67270584309904,301.0880432128906,3769100,MCD
2026-01-06,39.15368024543274,39.96280337057324,38.7787195549217,38.96620178222656,623100,PZZA
2026-01-07,403.42235072129824,405.631195317398,400.2782276696474,403.462158203125,675800,DPZ
2026-01-07,303.6338203463279,305.29455653141486,301.6250527563368,302.4703369140625,4100200,MCD
2026-01-07,38.926733054630496,38.96620339507562,36.95326120156024,37.05193328857422,1084100,PZZA
2026-01-08,400.17874990924855,406.93460479841997,397.9897938971297,404.5367126464844,806600,DPZ
2026-01-08,301.75434123934974,307.28345205890895,300.9488433559712,307.16412353515625,3268300,MCD
2026-01-08,36.903924141395464,37.831454531710584,36.62763552998983,37.27888107299805,1028900,PZZA
2026-01-09,403.790470600522,406.944552990062,400.3578269417484,403.05419921875,448800,DPZ
2026-01-09,307.32323929323604,307.80055338971266,302.90790181254056,305.61279296875,2972000,MCD
2026-01-09,37.18020986088791,37.18020986088791,35.88758444733873,36.79538345336914,1091400,PZZA
2026-01-12,403.2034510493448,414.84466468294016,402.6462677662399,413.8596496582031,595700,DPZ
2026-01-12,305.7320982646789,305.7718845523784,302.48027483730016,305.0459289550781,3206600,MCD
2026-01-12,36.96312669614191,38.423495407485234,36.50922907587956,37.61437225341797,1175400,PZZA
2026-01-13,413.0338047976271,414.8347061926306,406.1784463614218,408.844970703125,426600,DPZ
2026-01-13,303.53440409552945,307.9397873756521,303.5045719647765,307.72100830078125,2967900,MCD
2026-01-13,37.48609831302598,37.84132007343775,36.78551296675307,37.02233123779297,926500,PZZA
2026-01-14,407.4221550872298,408.97431282436116,402.28808320125245,405.33270263671875,513600,DPZ
2026-01-14,307.72099415552304,309.4513183557504,304.2304832776406,306.41827392578125,2949000,MCD
2026-01-14,36.67697002416141,37.20980829070626,36.30201310838414,37.08153533935547,724200,PZZA
2026-01-15,403.710907432648,407.9395491001495,401.03442357161003,407.03411865234375,609200,DPZ
2026-01-15,307.2138235546293,307.2138235546293,302.11231689529774,306.9055480957031,3189200,MCD
2026-01-15,36.93352511663431,37.96959706101685,36.430287698669325,37.40715789794922,666500,PZZA
2026-01-16,404.95463212968525,405.9496066558024,396.84559581467295,398.2684020996094,673500,DPZ
2026-01-16,305.1851896090975,306.81606335552937,304.1410043247885,305.72216796875,2590600,MCD
2026-01-16,37.190074134169706,37.190074134169706,35.473155802922314,35.69023513793945,1121000,PZZA
2026-01-20,392.7661790826903,393.99993773108883,380.5478935863394,385.6919250488281,1325700,DPZ
2026-01-20,304.737661089474,304.8470354483117,300.76983612502346,301.15765380859375,3018000,MCD
2026-01-20,35.67050281156682,39.30169107412797,35.02912299752205,37.55516815185547,2424100,PZZA
2026-01-21,391.2637742809408,401.8602773119441,389.78127194846985,396.9152526855469,927500,DPZ
2026-01-21,301.65487003209404,304.0116992589776,301.4559992888058,303.9918212890625,3630900,MCD
2026-01-21,37.93012632811256,38.2754861487236,36.430287320789965,37.23941421508789,935200,PZZA
2026-01-22,397.51219987260214,405.9495945332327,395.00487507277785,403.2929992675781,647800,DPZ
2026-01-22,304.4492540513863,305.9210432062402,303.25593856057213,304.3299255371094,2809400,MCD
2026-01-22,37.49596344713796,38.02880172582307,36.96312516845285,37.0716667175293,564200,PZZA
2026-01-23,401.20357865032673,411.581155400094,401.20357865032673,409.4320068359375,725100,DPZ
2026-01-23,304.3995485181048,307.7906088072057,303.6636387556189,307.53204345703125,2350200,MCD
2026-01-23,36.82498407101947,37.34795290180362,36.32175041024022,36.41055679321289,674300,PZZA
2026-01-26,410.6757209668095,416.1978172435737,407.4520133340357,411.82989501953125,783500,DPZ
2026-01-26,308.27789298730556,312.6136578183869,308.24806085674487,311.2115173339844,3385000,MCD
2026-01-26,36.56843402519894,36.716442152614434,35.700105374119374,35.89745330810547,1287300,PZZA
2026-01-27,410.22798281246617,417.7102106425676,405.94960451837426,411.79010009765625,668200,DPZ
2026-01-27,310.58500607693423,312.8125527093644,309.3121179515389,312.38494873046875,2506600,MCD
2026-01-27,35.73957297844253,36.40068417798487,35.552090761660075,35.79877471923828,710400,PZZA
2026-01-28,412.0686687812814,412.91440314973147,398.99472009503864,403.3327941894531,654700,DPZ
2026-01-28,313.2501075627596,314.522995674807,309.8789251714504,311.06231689453125,2184500,MCD
2026-01-28,36.469755547791976,36.74604414109998,35.15739884494831,35.23633575439453,856100,PZZA
2026-01-29,405.6710084663543,411.5513114646611,401.4125187777598,405.0342102050781,672100,DPZ
2026-01-29,311.1717311091908,315.6367786229882,310.5253480482074,313.7572937011719,3211300,MCD
2026-01-29,35.29554170650392,35.84811513601872,34.96005136788753,35.404083251953125,813600,PZZA
2026-01-30,404.45714423198564,408.93452959248737,401.6612682471205,408.26788330078125,582500,DPZ
2026-01-30,313.90645930117796,314.29427700466107,309.83918358018946,313.2501220703125,2983200,MCD
2026-01-30,35.23633711503881,35.51262571901564,34.27920587798993,34.70349884033203,1195200,PZZA
2026-02-02,409.53149623554316,410.92445441495505,401.7309000666256,407.1634521484375,927700,DPZ
2026-02-02,317.22788831254263,317.744988678539,313.4589340573951,316.760498046875,3309800,MCD
2026-02-02,34.76270554421542,34.772575011178546,32.858304942999496,33.44047927856445,1538100,PZZA
2026-02-03,403.4024643595772,412.247771889449,393.7213515278512,399.0942077636719,1071700,DPZ
2026-02-03,313.7572837040622,321.0962910701805,313.7572837040622,317.7052307128906,4043400,MCD
2026-02-03,33.4404778731328,33.77596821790247,32.887908197581766,33.49968338012695,1076100,PZZA
2026-02-04,401.5717180798337,403.79049180277246,396.99482926360133,399.71112060546875,1069500,DPZ
2026-02-04,319.3261610766876,325.13374552255857,317.92402058899313,321.891845703125,4805900,MCD
2026-02-04,33.874643157972805,34.23973436443728,33.13459127875917,33.85490798950195,1005900,PZZA
2026-02-05,401.2533249618239,405.63120679608346,389.0549275768505,391.45281982421875,1120300,DPZ
2026-02-05,323.2741013130609,326.2375577339443,321.1559593874338,321.6830139160156,3936800,MCD
2026-02-05,34.121330293217476,34.49628723676355,33.3516737076201,33.775970458984375,1211000,PZZA
2026-02-06,388.0500173374412,394.7362472415623,388.0500173374412,392.8955383300781,757600,DPZ
2026-02-06,321.1062153149145,325.72045368880305,319.4554333284654,325.3425598144531,2831900,MCD
2026-02-06,34.05225416082485,34.81204125346459,33.79570448372121,34.220001220703125,1334100,PZZA
2026-02-09,393.01493295992566,393.9502114320559,387.0450858769901,390.189208984375,837700,DPZ
2026-02-09,324.12933683441605,325.501675498415,321.384659506418,323.7912292480469,2673900,MCD
2026-02-09,34.43000030517578,34.88999938964844,33.790000915527344,34.84000015258789,651600,PZZA
2026-02-10,390.18920409069835,395.8506114324817,387.38336870949786,387.77142333984375,732200,DPZ
2026-02-10,323.6221709864214,326.1779014612805,321.7128539239937,324.1591796875,3502900,MCD
2026-02-10,35.040000915527344,35.220001220703125,34.29999923706055,34.81999969482422,790500,PZZA
2026-02-11,385.27400938692153,386.05008824666345,375.2944168254229,382.0701904296875,1357800,DPZ
2026-02-11,321.7824294600363,323.393455500505,319.02782833702196,321.41448974609375,4553200,MCD
2026-02-11,34.56999969482422,34.599998474121094,33.790000915527344,34.0099983215332,683400,PZZA
2026-02-12,382.29905828276225,384.06015219461096,376.1003562942045,379.8613586425781,1010400,DPZ
2026-02-12,327.99769828881847,331.5279953574491,318.37148039970236,330.2351989746094,6499700,MCD
2026-02-12,34.0,34.349998474121094,31.690000534057617,32.02000045776367,2045300,PZZA
2026-02-13,378.3589323495878,383.43330824053714,371.5334220318181,373.6129150390625,991600,DPZ
2026-02-13,330.65290529535616,333.8053087531176,324.7160684585372,325.7602233886719,3587900,MCD
2026-02-13,31.8799991607666,32.56999969482422,31.6200008392334,31.790000915527344,1302000,PZZA
2026-02-17,373.8815670850496,375.23474823117976,368.8370693098888,371.62298583984375,838100,DPZ
2026-02-17,328.1667711801981,330.2352029302544,323.1945473744375,325.79998779296875,3367200,MCD
2026-02-17,31.75,31.940000534057617,30.200000762939453,31.329999923706055,1738200,PZZA
2026-02-18,372.9164334500115,382.38861019919864,370.17032445561574,381.0652770996094,841400,DPZ
2026-02-18,325.4519307098029,326.9734300021961,322.03103825468895,326.0685119628906,3661800,MCD
2026-02-18,31.600000381469727,33.68000030517578,31.270000457763672,32.83000183105469,1622600,PZZA
2026-02-19,381.57270581318136,388.83600723317164,379.0852696605531,383.19451904296875,994100,DPZ
2026-02-19,326.63532267953246,331.1501104607445,325.13373170420465,325.2928161621094,4032300,MCD
2026-02-19,32.880001068115234,32.880001068115234,32.18000030517578,32.58000183105469,625300,PZZA
2026-02-20,382.16970768120234,388.0500105607979,378.8962331071285,382.6771240234375,1075900,DPZ
2026-02-20,326.2077161504711,328.445216879276,324.14920819643953,327.40106201171875,3862700,MCD
2026-02-20,31.979999542236328,32.619998931884766,31.450000762939453,31.59000015258789,1097500,PZZA
2026-02-23,399.88023060075693,411.87962019521694,390.12949300919,398.34796142578125,2120900,DPZ
2026-02-23,328.59438469458553,333.71576929376323,328.41539191590664,332.7014465332031,3806200,MCD
2026-02-23,31.84000015258789,33.310001373291016,31.559999465942383,32.7599983215332,1647400,PZZA
2026-02-24,400.72596886308247,415.6207379333439,400.3080662243131,412.1184387207031,1385800,DPZ
2026-02-24,333.4472840650143,334.1334534061027,330.4838276303418,331.1998291015625,2756900,MCD
2026-02-24,32.54999923706055,34.72999954223633,32.47999954223633,34.540000915527344,1657100,PZZA
2026-02-25,411.1931024261904,411.72043769885636,400.48719740849157,401.9100036621094,1113100,DPZ
2026-02-25,330.1556657617362,332.2937159613671,328.1667762089547,331.1600646972656,2812500,MCD
2026-02-25,34.86000061035156,34.88999938964844,33.20000076293945,33.83000183105469,1294300,PZZA
2026-02-26,405.24318242328076,405.24318242328076,393.9701040612516,397.28338623046875,1298800,DPZ
2026-02-26,333.00970791435884,335.06821582629476,331.25947544646607,332.6716003417969,2425900,MCD
2026-02-26,32.56999969482422,33.45000076293945,30.850000381469727,30.90999984741211,3125200,PZZA
2026-02-27,395.57200631875753,403.0840514024583,391.2140132929729,400.4871826171875,808700,DPZ
2026-02-27,333.70585194649846,339.4537417304368,333.70585194649846,339.16534423828125,4269100,MCD
2026-02-27,31.059999465942383,31.3799991607666,30.15999984741211,31.350000381469727,2936500,PZZA
2026-03-02,395.53220688434084,402.80546796035577,392.01994815729694,399.3529052734375,1026100,DPZ
2026-03-02,339.1653479391382,339.8515172928989,332.55229595462106,332.96002197265625,4555400,MCD
2026-03-02,30.479999542236328,32.36000061035156,30.18000030517578,31.940000534057617,2011400,PZZA
2026-03-03,393.61192465238145,408.14848775816375,392.8358457443715,406.32769775390625,806900,DPZ
2026-03-03,330.0899963378906,332.1700134277344,327.70001220703125,332.1700134277344,2901100,MCD
2026-03-03,31.520000457763672,32.79999923706055,30.850000381469727,31.989999771118164,1020300,PZZA
2026-03-04,407.0440858487438,409.92950590973186,404.2879869705748,404.5765380859375,718200,DPZ
2026-03-04,331.739990234375,332.8299865722656,329.6099853515625,331.739990234375,2455900,MCD
2026-03-04,32.15999984741211,32.290000915527344,30.760000228881836,30.809999465942383,1012700,PZZA
2026-03-05,403.44226687954296,405.6311925376228,398.2285799075973,400.6762390136719,759200,DPZ
2026-03-05,329.79998779296875,330.80999755859375,324.1199951171875,327.45001220703125,4321400,MCD
2026-03-05,30.709999084472656,31.350000381469727,30.600000381469727,31.010000228881836,721400,PZZA
2026-03-06,398.98477917030533,408.71562867964104,393.0149321004255,406.3575439453125,775500,DPZ
2026-03-06,326.2900085449219,328.3299865722656,321.32000732421875,328.05999755859375,3341200,MCD
2026-03-06,30.520000457763672,31.010000228881836,30.260000228881836,30.700000762939453,600200,PZZA
2026-03-09,403.9099048820269,414.49641762746796,396.9351240161215,413.69049072265625,1099500,DPZ
2026-03-09,325.79998779296875,331.70001220703125,324.5799865722656,330.79998779296875,3407500,MCD
2026-03-09,30.700000762939453,32.810001373291016,29.549999237060547,32.709999084472656,2029500,PZZA
2026-03-10,410.0688007055832,410.4369364084497,397.8107077066885,398.5071716308594,1335900,DPZ
2026-03-10,328.3399963378906,329.6499938964844,326.7099914550781,327.94000244140625,2391400,MCD
2026-03-10,32.27000045776367,33.040000915527344,31.790000915527344,32.540000915527344,1674400,PZZA
2026-03-11,397.59182439172275,397.7012570141356,389.343477116311,391.31353759765625,1221300,DPZ
2026-03-11,327.0299987792969,327.6499938964844,322.4200134277344,325.2099914550781,2200500,MCD
2026-03-11,32.689998626708984,39.95000076293945,31.920000076293945,38.86000061035156,7769000,PZZA
2026-03-12,389.7215715657689,395.06457987163924,387.09482426220546,393.9900207519531,1161100,DPZ
2026-03-12,323.25,327.32000732421875,322.010009765625,323.9100036621094,2639600,MCD
2026-03-12,38.0,38.380001068115234,35.86000061035156,36.119998931884766,3894200,PZZA
2026-03-13,396.17999267578125,403.4800109863281,394.7099914550781,401.6300048828125,982500,DPZ
2026-03-13,324.9800109863281,326.9599914550781,324.4800109863281,326.4599914550781,2449800,MCD
2026-03-13,36.119998931884766,36.88999938964844,34.63999938964844,36.790000915527344,2060500,PZZA
2026-03-16,400.489990234375,402.1700134277344,392.0,392.2699890136719,1052000,DPZ
2026-03-16,327.8399963378906,328.7099914550781,326.510009765625,326.6499938964844,2584300,MCD
2026-03-16,36.439998626708984,36.709999084472656,35.52000045776367,35.70000076293945,1538300,PZZA
2026-03-17,393.0,398.17999267578125,391.44000244140625,396.17999267578125,965100,DPZ
2026-03-17,327.3399963378906,330.489990234375,326.1199951171875,326.29998779296875,2437800,MCD
2026-03-17,35.709999084472656,36.849998474121094,35.439998626708984,35.540000915527344,1256200,PZZA
2026-03-18,392.6300048828125,393.8299865722656,376.010009765625,376.9200134277344,1381100,DPZ
2026-03-18,323.7699890136719,324.5,315.239990234375,315.7300109863281,3038400,MCD
2026-03-18,35.0,35.279998779296875,34.290000915527344,34.33000183105469,984500,PZZA
2026-03-19,375.07000732421875,380.20001220703125,372.25,375.29998779296875,1052500,DPZ
2026-03-19,315.989990234375,316.7300109863281,309.3299865722656,309.5799865722656,3362300,MCD
2026-03-19,34.04999923706055,34.36000061035156,33.08000183105469,33.70000076293945,1473400,PZZA
2026-03-20,373.42999267578125,375.1300048828125,365.1000061035156,373.3500061035156,1262200,DPZ
2026-03-20,309.79998779296875,311.3699951171875,307.6199951171875,308.8500061035156,6436600,MCD
2026-03-20,33.63999938964844,34.68000030517578,33.5,34.40999984741211,1268900,PZZA
2026-03-23,373.2799987792969,377.0799865722656,363.4200134277344,366.79998779296875,1130900,DPZ
2026-03-23,313.4700012207031,313.989990234375,308.04998779296875,308.4700012207031,3003200,MCD
2026-03-23,34.2400016784668,34.81999969482422,33.779998779296875,34.029998779296875,1078700,PZZA
2026-03-24,366.2699890136719,366.7900085449219,359.6700134277344,360.0899963378906,880300,DPZ
2026-03-24,306.3900146484375,311.19000244140625,304.7799987792969,307.8399963378906,2954900,MCD
2026-03-24,34.029998779296875,35.459999084472656,33.900001525878906,34.58000183105469,1029000,PZZA
2026-03-25,362.70001220703125,364.510009765625,359.05999755859375,362.5299987792969,943300,DPZ
2026-03-25,310.05999755859375,312.94000244140625,308.1099853515625,311.70001220703125,3714000,MCD
2026-03-25,34.5099983215332,34.79999923706055,33.040000915527344,33.119998931884766,797400,PZZA
2026-03-26,362.75,364.7699890136719,356.989990234375,358.5400085449219,1202200,DPZ
2026-03-26,310.75,312.7099914550781,308.79998779296875,308.92999267578125,3025700,MCD
2026-03-26,33.20000076293945,33.779998779296875,32.540000915527344,32.63999938964844,681800,PZZA
2026-03-27,358.0,358.8800048828125,346.3900146484375,348.1400146484375,896800,DPZ
2026-03-27,309.75,309.9700012207031,305.3299865722656,305.8999938964844,3137200,MCD
2026-03-27,32.5,32.849998474121094,31.600000381469727,31.760000228881836,963600,PZZA
2026-03-30,348.1400146484375,354.8299865722656,346.30999755859375,352.94000244140625,1252900,DPZ
2026-03-30,308.70001220703125,310.7900085449219,307.6400146484375,308.5299987792969,3569600,MCD
2026-03-30,31.979999542236328,32.619998931884766,31.049999237060547,32.38999938964844,939900,PZZA
2026-03-31,354.1199951171875,361.7200012207031,349.57000732421875,358.7900085449219,1150000,DPZ
2026-03-31,310.2300109863281,311.67999267578125,307.5400085449219,310.7900085449219,3021300,MCD
2026-03-31,32.34000015258789,33.18000030517578,31.850000381469727,32.40999984741211,759800,PZZA
2026-04-01,359.0400085449219,362.4800109863281,351.6300048828125,361.5400085449219,982700,DPZ
2026-04-01,310.1700134277344,311.0,304.0,307.2900085449219,3887300,MCD
2026-04-01,32.59000015258789,32.93000030517578,32.11000061035156,32.810001373291016,676400,PZZA
2026-04-02,362.3999938964844,372.2200012207031,358.0,370.82000732421875,995800,DPZ
2026-04-02,306.8299865722656,307.5,303.0299987792969,307.1400146484375,2649100,MCD
2026-04-02,32.75,35.4900016784668,32.18000030517578,34.9900016784668,1221500,PZZA
2026-04-06,369.260009765625,382.1300048828125,368.80999755859375,380.7699890136719,1099200,DPZ
2026-04-06,306.05999755859375,310.30999755859375,305.80999755859375,309.760009765625,1816000,MCD
2026-04-06,34.68000030517578,36.099998474121094,34.04999923706055,35.22999954223633,879600,PZZA
2026-04-07,381.1499938964844,381.7300109863281,367.3900146484375,368.1499938964844,912800,DPZ
2026-04-07,310.2699890136719,310.29998779296875,304.2200012207031,304.8500061035156,2033700,MCD
2026-04-07,35.439998626708984,35.7599983215332,34.61000061035156,34.900001525878906,617300,PZZA
2026-04-08,371.6099853515625,376.95001220703125,368.9100036621094,376.239990234375,619200,DPZ
2026-04-08,307.1600036621094,308.25,303.1000061035156,307.010009765625,4155100,MCD
2026-04-08,35.130001068115234,35.56999969482422,34.630001068115234,35.369998931884766,773800,PZZA
2026-04-09,372.9200134277344,376.42999267578125,372.0,373.29998779296875,641100,DPZ
2026-04-09,305.19000244140625,311.1000061035156,303.989990234375,309.54998779296875,2484700,MCD
2026-04-09,35.380001068115234,35.75,34.70000076293945,35.529998779296875,526700,PZZA
2026-04-10,372.3599853515625,373.0,364.1700134277344,365.95001220703125,529600,DPZ
2026-04-10,307.29998779296875,308.70001220703125,304.17999267578125,305.67999267578125,2708600,MCD
2026-04-10,35.900001525878906,36.400001525878906,35.5,35.630001068115234,480900,PZZA
2026-04-13,365.3900146484375,370.1000061035156,362.32000732421875,368.8299865722656,801200,DPZ
2026-04-13,304.2200012207031,304.8999938964844,302.1000061035156,304.510009765625,2872100,MCD
2026-04-13,35.56999969482422,35.779998779296875,34.31999969482422,35.0099983215332,721300,PZZA
2026-04-14,367.5,377.1000061035156,367.5,369.1700134277344,597100,DPZ
2026-04-14,303.0199890136719,303.5799865722656,301.5299987792969,303.2200012207031,3150100,MCD
2026-04-14,35.20000076293945,35.880001068115234,34.470001220703125,34.9900016784668,483400,PZZA
2026-04-15,369.1700134277344,370.0,365.45001220703125,368.07000732421875,644500,DPZ
2026-04-15,303.2699890136719,306.94000244140625,303.0,306.260009765625,2976500,MCD
2026-04-15,35.18000030517578,37.45000076293945,34.7599983215332,36.939998626708984,1889600,PZZA
2026-04-16,367.8999938964844,372.0,366.25,369.0,711900,DPZ
2026-04-16,306.5799865722656,308.2699890136719,304.57000732421875,306.9599914550781,2334400,MCD
2026-04-16,36.689998626708984,37.2400016784668,36.540000915527344,36.900001525878906,658000,PZZA
2026-04-17,370.5299987792969,376.989990234375,369.0,372.05999755859375,690000,DPZ
2026-04-17,307.30999755859375,312.5400085449219,307.20001220703125,311.3599853515625,3225500,MCD
2026-04-17,37.150001525878906,38.16999816894531,37.029998779296875,37.459999084472656,1110200,PZZA
2026-04-20,371.82000732421875,372.1700134277344,367.3800048828125,369.4599914550781,662800,DPZ
2026-04-20,312.1499938964844,312.5299987792969,305.95001220703125,306.94000244140625,2395200,MCD
2026-04-20,37.400001525878906,38.34000015258789,36.439998626708984,37.90999984741211,925500,PZZA
2026-04-21,369.6600036621094,371.989990234375,366.7699890136719,369.20001220703125,561100,DPZ
2026-04-21,305.54998779296875,306.1499938964844,300.9700012207031,301.8399963378906,2708100,MCD
2026-04-21,38.119998931884766,38.56999969482422,37.38999938964844,37.56999969482422,728000,PZZA
2026-04-22,369.92999267578125,373.0899963378906,365.8599853515625,365.92999267578125,543000,DPZ
2026-04-22,302.04998779296875,302.9100036621094,299.8299865722656,300.07000732421875,2845600,MCD
2026-04-22,37.83000183105469,38.11000061035156,37.38999938964844,37.970001220703125,398100,PZZA
2026-04-23,367.3800048828125,372.75,364.0,372.3900146484375,846900,DPZ
2026-04-23,302.5,304.8900146484375,301.9200134277344,302.5299987792969,3064300,MCD
2026-04-23,38.0,38.130001068115234,36.630001068115234,36.93000030517578,447400,PZZA
2026-04-24,369.19000244140625,375.4200134277344,366.8900146484375,367.8299865722656,1381200,DPZ
2026-04-24,302.2900085449219,302.5899963378906,299.2200012207031,299.3599853515625,3847800,MCD
2026-04-24,36.869998931884766,37.27000045776367,36.599998474121094,37.0099983215332,510900,PZZA
2026-04-27,341.4700012207031,344.010009765625,328.739990234375,335.29998779296875,4092200,DPZ
2026-04-27,297.7900085449219,298.5299987792969,290.19000244140625,290.2099914550781,4985000,MCD
2026-04-27,37.02000045776367,37.43000030517578,35.86000061035156,37.33000183105469,850800,PZZA
2026-04-28,338.30999755859375,345.2200012207031,335.0199890136719,340.4599914550781,1669400,DPZ
2026-04-28,292.20001220703125,294.6499938964844,291.0299987792969,292.3900146484375,4087100,MCD
2026-04-28,37.43000030517578,37.779998779296875,36.400001525878906,36.560001373291016,586900,PZZA
2026-04-29,339.8699951171875,341.1199951171875,326.5400085449219,332.30999755859375,1626700,DPZ
2026-04-29,291.29998779296875,292.510009765625,289.29998779296875,290.0799865722656,3487100,MCD
2026-04-29,36.09000015258789,36.560001373291016,34.810001373291016,35.029998779296875,616900,PZZA
2026-04-30,332.30999755859375,339.30999755859375,331.9100036621094,337.67498779296875,425517,DPZ
2026-04-30,290.54998779296875,294.5199890136719,290.2300109863281,292.92498779296875,1402113,MCD
2026-04-30,35.25,36.470001220703125,35.025001525878906,36.43000030517578,271062,PZZA
